{
	"axis_max" : 1.022921085357666,
	"axis_min" : -0.76341366767883301,
	"bounding_polygon" :
	[

        [0.21234, 0.8, 0.0],[0.2945, 0.8, 0.0],[0.3189, 0.8, 0.0],[0.33, 0.8, 0.0],

        [0.33, 0.79124, 0.0],
        [0.33, 0.68657, 0.0],
        [0.33, 0.62123, 0.0],
        [0.33, 0.59956, 0.0],

        [0.33, -0.1413, 0.0],[0.33, -0.1599, 0.0],[0.33, -0.1723, 0.0],[0.33, -0.18, 0.0],

        [0.31678, -0.18, 0.0],
        [0.27123, -0.18, 0.0],
        [0.2323, -0.18, 0.0],

        [-0.2323, -0.18, 0.0], [-0.27123, -0.18, 0.0], [-0.30678, -0.18, 0.0],[-0.33, -0.18, 0.0],

        [-0.33, -0.1711, 0.0],
        [-0.33, -0.1599, 0.0],
        [-0.33, -0.1411, 0.0],

        [-0.33, 0.4943, 0.0],[-0.33, 0.551123, 0.0], [-0.33, 0.66657, 0.0],[-0.33, 0.8, 0.0],

        [-0.3089, 0.8, 0.0],
        [-0.29345, 0.8, 0.0],
        [-0.21456, 0.8, 0.0]
	],
	"class_name" : "SelectionPolygonVolume",
	"orthogonal_axis" : "Z",
	"version_major" : 1,
	"version_minor" : 0
}
