{
	"axis_max" : 1.022921085357666,
	"axis_min" : -0.76341366767883301,
	"bounding_polygon" :
	[
        [0.2, 0.25, 0.0],[0.2345, 0.25, 0.0],[0.2789, 0.25, 0.0],[0.3, 0.25, 0.0],

        [0.3, 0.22124, 0.0],
        [0.3, 0.20657, 0.0],
        [0.3, 0.19123, 0.0],
        [0.3, 0.19, 0.0],

        [0.3, -0.19879, 0.0],[0.3, -0.20123, 0.0],[0.3, -0.22867, 0.0],[0.3, -0.25, 0.0],

        [0.28678, -0.25, 0.0],
        [0.26123, -0.25, 0.0],
        [0.2523, -0.25, 0.0],

        [-0.2523, -0.25, 0.0], [-0.26123, -0.25, 0.0], [-0.28678, -0.25, 0.0],[-0.3, -0.25, 0.0],

        [-0.3, -0.22867, 0.0],
        [-0.3, -0.20123, 0.0],
        [-0.3, -0.19879, 0.0],

        [-0.3, 0.19, 0.0],[-0.3, 0.19123, 0.0], [-0.3, 0.20657, 0.0],[-0.3, 0.22124, 0.0],

		[-0.3, 0.25, 0.0],
        [-0.2789, 0.25, 0.0],
        [-0.2345, 0.25, 0.0],
        [-0.2, 0.25, 0.0]
	],
	"class_name" : "SelectionPolygonVolume",
	"orthogonal_axis" : "Z",
	"version_major" : 1,
	"version_minor" : 0
}
